{
  "countries": [
    {
      "description": "Afghanistan",
      "id": "AF"
    },
    {
      "description": "Åland Islands",
      "id": "AX"
    },
    {
      "description": "Albania",
      "id": "AL"
    },
    {
      "description": "Algeria",
      "id": "DZ"
    },
    {
      "description": "American Samoa",
      "id": "AS"
    },
    {
      "description": "Andorra",
      "id": "AD"
    },
    {
      "description": "Angola",
      "id": "AO"
    },
    {
      "description": "Anguilla",
      "id": "AI"
    },
    {
      "description": "Antarctica",
      "id": "AQ"
    },
    {
      "description": "Antigua and Barbuda",
      "id": "AG"
    },
    {
      "description": "Argentina",
      "id": "AR"
    },
    {
      "description": "Armenia",
      "id": "AM"
    },
    {
      "description": "Aruba",
      "id": "AW"
    },
    {
      "description": "Australia",
      "id": "AU"
    },
    {
      "description": "Austria",
      "id": "AT"
    },
    {
      "description": "Azerbaijan",
      "id": "AZ"
    },
    {
      "description": "Bahamas",
      "id": "BS"
    },
    {
      "description": "Bahrain",
      "id": "BH"
    },
    {
      "description": "Bangladesh",
      "id": "BD"
    },
    {
      "description": "Barbados",
      "id": "BB"
    },
    {
      "description": "Belarus",
      "id": "BY"
    },
    {
      "description": "Belgium",
      "id": "BE"
    },
    {
      "description": "Belize",
      "id": "BZ"
    },
    {
      "description": "Benin",
      "id": "BJ"
    },
    {
      "description": "Bermuda",
      "id": "BM"
    },
    {
      "description": "Bhutan",
      "id": "BT"
    },
    {
      "description": "Bolivia",
      "id": "BO"
    },
    {
      "description": "Bosnia and Herzegovina",
      "id": "BA"
    },
    {
      "description": "Botswana",
      "id": "BW"
    },
    {
      "description": "Bouvet Island",
      "id": "BV"
    },
    {
      "description": "Brazil",
      "id": "BR"
    },
    {
      "description": "British Indian Ocean Territory",
      "id": "IO"
    },
    {
      "description": "Brunei Darussalam",
      "id": "BN"
    },
    {
      "description": "Bulgaria",
      "id": "BG"
    },
    {
      "description": "Burkina Faso",
      "id": "BF"
    },
    {
      "description": "Burundi",
      "id": "BI"
    },
    {
      "description": "Cambodia",
      "id": "KH"
    },
    {
      "description": "Cameroon",
      "id": "CM"
    },
    {
      "description": "Canada",
      "id": "CA"
    },
    {
      "description": "Cape Verde",
      "id": "CV"
    },
    {
      "description": "Cayman Islands",
      "id": "KY"
    },
    {
      "description": "Central African Republic",
      "id": "CF"
    },
    {
      "description": "Chad",
      "id": "TD"
    },
    {
      "description": "Chile",
      "id": "CL"
    },
    {
      "description": "China",
      "id": "CN"
    },
    {
      "description": "Christmas Island",
      "id": "CX"
    },
    {
      "description": "Cocos (Keeling) Islands",
      "id": "CC"
    },
    {
      "description": "Colombia",
      "id": "CO"
    },
    {
      "description": "Comoros",
      "id": "KM"
    },
    {
      "description": "Congo",
      "id": "CG"
    },
    {
      "description": "Congo, The Democratic Republic of the",
      "id": "CD"
    },
    {
      "description": "Cook Islands",
      "id": "CK"
    },
    {
      "description": "Costa Rica",
      "id": "CR"
    },
    {
      "description": "Cote D\"Ivoire",
      "id": "CI"
    },
    {
      "description": "Croatia",
      "id": "HR"
    },
    {
      "description": "Cuba",
      "id": "CU"
    },
    {
      "description": "Cyprus",
      "id": "CY"
    },
    {
      "description": "Czech Republic",
      "id": "CZ"
    },
    {
      "description": "Denmark",
      "id": "DK"
    },
    {
      "description": "Djibouti",
      "id": "DJ"
    },
    {
      "description": "Dominica",
      "id": "DM"
    },
    {
      "description": "Dominican Republic",
      "id": "DO"
    },
    {
      "description": "Ecuador",
      "id": "EC"
    },
    {
      "description": "Egypt",
      "id": "EG"
    },
    {
      "description": "El Salvador",
      "id": "SV"
    },
    {
      "description": "Equatorial Guinea",
      "id": "GQ"
    },
    {
      "description": "Eritrea",
      "id": "ER"
    },
    {
      "description": "Estonia",
      "id": "EE"
    },
    {
      "description": "Ethiopia",
      "id": "ET"
    },
    {
      "description": "Falkland Islands (Malvinas)",
      "id": "FK"
    },
    {
      "description": "Faroe Islands",
      "id": "FO"
    },
    {
      "description": "Fiji",
      "id": "FJ"
    },
    {
      "description": "Finland",
      "id": "FI"
    },
    {
      "description": "France",
      "id": "FR"
    },
    {
      "description": "French Guiana",
      "id": "GF"
    },
    {
      "description": "French Polynesia",
      "id": "PF"
    },
    {
      "description": "French Southern Territories",
      "id": "TF"
    },
    {
      "description": "Gabon",
      "id": "GA"
    },
    {
      "description": "Gambia",
      "id": "GM"
    },
    {
      "description": "Georgia",
      "id": "GE"
    },
    {
      "description": "Germany",
      "id": "DE"
    },
    {
      "description": "Ghana",
      "id": "GH"
    },
    {
      "description": "Gibraltar",
      "id": "GI"
    },
    {
      "description": "Greece",
      "id": "GR"
    },
    {
      "description": "Greenland",
      "id": "GL"
    },
    {
      "description": "Grenada",
      "id": "GD"
    },
    {
      "description": "Guadeloupe",
      "id": "GP"
    },
    {
      "description": "Guam",
      "id": "GU"
    },
    {
      "description": "Guatemala",
      "id": "GT"
    },
    {
      "description": "Guernsey",
      "id": "GG"
    },
    {
      "description": "Guinea",
      "id": "GN"
    },
    {
      "description": "Guinea-Bissau",
      "id": "GW"
    },
    {
      "description": "Guyana",
      "id": "GY"
    },
    {
      "description": "Haiti",
      "id": "HT"
    },
    {
      "description": "Heard Island and Mcdonald Islands",
      "id": "HM"
    },
    {
      "description": "Holy See (Vatican City State)",
      "id": "VA"
    },
    {
      "description": "Honduras",
      "id": "HN"
    },
    {
      "description": "Hong Kong",
      "id": "HK"
    },
    {
      "description": "Hungary",
      "id": "HU"
    },
    {
      "description": "Iceland",
      "id": "IS"
    },
    {
      "description": "India",
      "id": "IN"
    },
    {
      "description": "Indonesia",
      "id": "ID"
    },
    {
      "description": "Iran, Islamic Republic Of",
      "id": "IR"
    },
    {
      "description": "Iraq",
      "id": "IQ"
    },
    {
      "description": "Ireland",
      "id": "IE"
    },
    {
      "description": "Isle of Man",
      "id": "IM"
    },
    {
      "description": "Israel",
      "id": "IL"
    },
    {
      "description": "Italy",
      "id": "IT"
    },
    {
      "description": "Jamaica",
      "id": "JM"
    },
    {
      "description": "Japan",
      "id": "JP"
    },
    {
      "description": "Jersey",
      "id": "JE"
    },
    {
      "description": "Jordan",
      "id": "JO"
    },
    {
      "description": "Kazakhstan",
      "id": "KZ"
    },
    {
      "description": "Kenya",
      "id": "KE"
    },
    {
      "description": "Kiribati",
      "id": "KI"
    },
    {
      "description": "Korea, Democratic People\"S Republic of",
      "id": "KP"
    },
    {
      "description": "Korea, Republic of",
      "id": "KR"
    },
    {
      "description": "Kuwait",
      "id": "KW"
    },
    {
      "description": "Kyrgyzstan",
      "id": "KG"
    },
    {
      "description": "Lao People\"S Democratic Republic",
      "id": "LA"
    },
    {
      "description": "Latvia",
      "id": "LV"
    },
    {
      "description": "Lebanon",
      "id": "LB"
    },
    {
      "description": "Lesotho",
      "id": "LS"
    },
    {
      "description": "Liberia",
      "id": "LR"
    },
    {
      "description": "Libyan Arab Jamahiriya",
      "id": "LY"
    },
    {
      "description": "Liechtenstein",
      "id": "LI"
    },
    {
      "description": "Lithuania",
      "id": "LT"
    },
    {
      "description": "Luxembourg",
      "id": "LU"
    },
    {
      "description": "Macao",
      "id": "MO"
    },
    {
      "description": "Macedonia, The Former Yugoslav Republic of",
      "id": "MK"
    },
    {
      "description": "Madagascar",
      "id": "MG"
    },
    {
      "description": "Malawi",
      "id": "MW"
    },
    {
      "description": "Malaysia",
      "id": "MY"
    },
    {
      "description": "Maldives",
      "id": "MV"
    },
    {
      "description": "Mali",
      "id": "ML"
    },
    {
      "description": "Malta",
      "id": "MT"
    },
    {
      "description": "Marshall Islands",
      "id": "MH"
    },
    {
      "description": "Martinique",
      "id": "MQ"
    },
    {
      "description": "Mauritania",
      "id": "MR"
    },
    {
      "description": "Mauritius",
      "id": "MU"
    },
    {
      "description": "Mayotte",
      "id": "YT"
    },
    {
      "description": "Mexico",
      "id": "MX"
    },
    {
      "description": "Micronesia, Federated States of",
      "id": "FM"
    },
    {
      "description": "Moldova, Republic of",
      "id": "MD"
    },
    {
      "description": "Monaco",
      "id": "MC"
    },
    {
      "description": "Mongolia",
      "id": "MN"
    },
    {
      "description": "Montserrat",
      "id": "MS"
    },
    {
      "description": "Morocco",
      "id": "MA"
    },
    {
      "description": "Mozambique",
      "id": "MZ"
    },
    {
      "description": "Myanmar",
      "id": "MM"
    },
    {
      "description": "Namibia",
      "id": "NA"
    },
    {
      "description": "Nauru",
      "id": "NR"
    },
    {
      "description": "Nepal",
      "id": "NP"
    },
    {
      "description": "Netherlands",
      "id": "NL"
    },
    {
      "description": "Netherlands Antilles",
      "id": "AN"
    },
    {
      "description": "New Caledonia",
      "id": "NC"
    },
    {
      "description": "New Zealand",
      "id": "NZ"
    },
    {
      "description": "Nicaragua",
      "id": "NI"
    },
    {
      "description": "Niger",
      "id": "NE"
    },
    {
      "description": "Nigeria",
      "id": "NG"
    },
    {
      "description": "Niue",
      "id": "NU"
    },
    {
      "description": "Norfolk Island",
      "id": "NF"
    },
    {
      "description": "Northern Mariana Islands",
      "id": "MP"
    },
    {
      "description": "Norway",
      "id": "NO"
    },
    {
      "description": "Oman",
      "id": "OM"
    },
    {
      "description": "Pakistan",
      "id": "PK"
    },
    {
      "description": "Palau",
      "id": "PW"
    },
    {
      "description": "Palestinian Territory, Occupied",
      "id": "PS"
    },
    {
      "description": "Panama",
      "id": "PA"
    },
    {
      "description": "Papua New Guinea",
      "id": "PG"
    },
    {
      "description": "Paraguay",
      "id": "PY"
    },
    {
      "description": "Peru",
      "id": "PE"
    },
    {
      "description": "Philippines",
      "id": "PH"
    },
    {
      "description": "Pitcairn",
      "id": "PN"
    },
    {
      "description": "Poland",
      "id": "PL"
    },
    {
      "description": "Portugal",
      "id": "PT"
    },
    {
      "description": "Puerto Rico",
      "id": "PR"
    },
    {
      "description": "Qatar",
      "id": "QA"
    },
    {
      "description": "Reunion",
      "id": "RE"
    },
    {
      "description": "Romania",
      "id": "RO"
    },
    {
      "description": "Russian Federation",
      "id": "RU"
    },
    {
      "description": "RWANDA",
      "id": "RW"
    },
    {
      "description": "Saint Helena",
      "id": "SH"
    },
    {
      "description": "Saint Kitts and Nevis",
      "id": "KN"
    },
    {
      "description": "Saint Lucia",
      "id": "LC"
    },
    {
      "description": "Saint Pierre and Miquelon",
      "id": "PM"
    },
    {
      "description": "Saint Vincent and the Grenadines",
      "id": "VC"
    },
    {
      "description": "Samoa",
      "id": "WS"
    },
    {
      "description": "San Marino",
      "id": "SM"
    },
    {
      "description": "Sao Tome and Principe",
      "id": "ST"
    },
    {
      "description": "Saudi Arabia",
      "id": "SA"
    },
    {
      "description": "Senegal",
      "id": "SN"
    },
    {
      "description": "Serbia and Montenegro",
      "id": "CS"
    },
    {
      "description": "Seychelles",
      "id": "SC"
    },
    {
      "description": "Sierra Leone",
      "id": "SL"
    },
    {
      "description": "Singapore",
      "id": "SG"
    },
    {
      "description": "Slovakia",
      "id": "SK"
    },
    {
      "description": "Slovenia",
      "id": "SI"
    },
    {
      "description": "Solomon Islands",
      "id": "SB"
    },
    {
      "description": "Somalia",
      "id": "SO"
    },
    {
      "description": "South Africa",
      "id": "ZA"
    },
    {
      "description": "South Georgia and the South Sandwich Islands",
      "id": "GS"
    },
    {
      "description": "Spain",
      "id": "ES"
    },
    {
      "description": "Sri Lanka",
      "id": "LK"
    },
    {
      "description": "Sudan",
      "id": "SD"
    },
    {
      "description": "Suri",
      "id": "SR"
    },
    {
      "description": "Svalbard and Jan Mayen",
      "id": "SJ"
    },
    {
      "description": "Swaziland",
      "id": "SZ"
    },
    {
      "description": "Sweden",
      "id": "SE"
    },
    {
      "description": "Switzerland",
      "id": "CH"
    },
    {
      "description": "Syrian Arab Republic",
      "id": "SY"
    },
    {
      "description": "Taiwan, Province of China",
      "id": "TW"
    },
    {
      "description": "Tajikistan",
      "id": "TJ"
    },
    {
      "description": "Tanzania, United Republic of",
      "id": "TZ"
    },
    {
      "description": "Thailand",
      "id": "TH"
    },
    {
      "description": "Timor-Leste",
      "id": "TL"
    },
    {
      "description": "Togo",
      "id": "TG"
    },
    {
      "description": "Tokelau",
      "id": "TK"
    },
    {
      "description": "Tonga",
      "id": "TO"
    },
    {
      "description": "Trinidad and Tobago",
      "id": "TT"
    },
    {
      "description": "Tunisia",
      "id": "TN"
    },
    {
      "description": "Turkey",
      "id": "TR"
    },
    {
      "description": "Turkmenistan",
      "id": "TM"
    },
    {
      "description": "Turks and Caicos Islands",
      "id": "TC"
    },
    {
      "description": "Tuvalu",
      "id": "TV"
    },
    {
      "description": "Uganda",
      "id": "UG"
    },
    {
      "description": "Ukraine",
      "id": "UA"
    },
    {
      "description": "United Arab Emirates",
      "id": "AE"
    },
    {
      "description": "United Kingdom",
      "id": "GB"
    },
    {
      "description": "United States",
      "id": "US"
    },
    {
      "description": "United States Minor Outlying Islands",
      "id": "UM"
    },
    {
      "description": "Uruguay",
      "id": "UY"
    },
    {
      "description": "Uzbekistan",
      "id": "UZ"
    },
    {
      "description": "Vanuatu",
      "id": "VU"
    },
    {
      "description": "Venezuela",
      "id": "VE"
    },
    {
      "description": "Viet Nam",
      "id": "VN"
    },
    {
      "description": "Virgin Islands, British",
      "id": "VG"
    },
    {
      "description": "Virgin Islands, U.S.",
      "id": "VI"
    },
    {
      "description": "Wallis and Futuna",
      "id": "WF"
    },
    {
      "description": "Western Sahara",
      "id": "EH"
    },
    {
      "description": "Yemen",
      "id": "YE"
    },
    {
      "description": "Zambia",
      "id": "ZM"
    },
    {
      "description": "Zimbabwe",
      "id": "ZW"
    }
  ],
  "states": [
    {
      "id": 165,
      "code": "WY",
      "countryCode": "US",
      "description": "Wyoming"
    },
    {
      "id": 24,
      "code": "CA",
      "countryCode": "US",
      "description": "California"
    },
    {
      "id": 100,
      "code": "NY",
      "countryCode": "US",
      "description": "New York"
    },
    {
      "id": 105,
      "code": "OR",
      "countryCode": "US",
      "description": "Oregon"
    },
    {
      "id": 88,
      "code": "ND",
      "countryCode": "US",
      "description": "North Dakota"
    },
    {
      "id": 12,
      "code": "AZ",
      "countryCode": "US",
      "description": "Arizona"
    },
    {
      "id": 39,
      "code": "DC",
      "countryCode": "US",
      "description": "WASHINGTON DC"
    },
    {
      "id": 4,
      "code": "AK",
      "countryCode": "US",
      "description": "Alaska"
    },
    {
      "id": 131,
      "code": "SD",
      "countryCode": "US",
      "description": "South Dakota"
    },
    {
      "id": 106,
      "code": "PA",
      "countryCode": "US",
      "description": "Pennsylvania"
    },
    {
      "id": 154,
      "code": "UT",
      "countryCode": "US",
      "description": "Utah"
    },
    {
      "id": 155,
      "code": "VA",
      "countryCode": "US",
      "description": "Virginia"
    },
    {
      "id": 61,
      "code": "IN",
      "countryCode": "US",
      "description": "Indiana"
    },
    {
      "id": 163,
      "code": "WI",
      "countryCode": "US",
      "description": "Wisconsin"
    },
    {
      "id": 161,
      "code": "VT",
      "countryCode": "US",
      "description": "Vermont"
    },
    {
      "id": 99,
      "code": "NV",
      "countryCode": "US",
      "description": "Nevada"
    },
    {
      "id": 164,
      "code": "WV",
      "countryCode": "US",
      "description": "West Virginia"
    },
    {
      "id": 56,
      "code": "HI",
      "countryCode": "US",
      "description": "Hawaii"
    },
    {
      "id": 75,
      "code": "ME",
      "countryCode": "US",
      "description": "Maine"
    },
    {
      "id": 152,
      "code": "TX",
      "countryCode": "US",
      "description": "Texas"
    },
    {
      "id": 127,
      "code": "RI",
      "countryCode": "US",
      "description": "Rhode Island"
    },
    {
      "id": 47,
      "code": "FL",
      "countryCode": "US",
      "description": "Florida"
    },
    {
      "id": 82,
      "code": "MT",
      "countryCode": "US",
      "description": "Montana"
    },
    {
      "id": 37,
      "code": "CT",
      "countryCode": "US",
      "description": "Connecticut"
    },
    {
      "id": 58,
      "code": "ID",
      "countryCode": "US",
      "description": "Idaho"
    },
    {
      "id": 102,
      "code": "OH",
      "countryCode": "US",
      "description": "Ohio"
    },
    {
      "id": 64,
      "code": "KS",
      "countryCode": "US",
      "description": "Kansas"
    },
    {
      "id": 89,
      "code": "NE",
      "countryCode": "US",
      "description": "Nebraska"
    },
    {
      "id": 65,
      "code": "KY",
      "countryCode": "US",
      "description": "Kentucky"
    },
    {
      "id": 77,
      "code": "MI",
      "countryCode": "US",
      "description": "Michigan"
    },
    {
      "id": 9,
      "code": "AR",
      "countryCode": "US",
      "description": "Arkansas"
    },
    {
      "id": 87,
      "code": "NC",
      "countryCode": "US",
      "description": "North Carolina"
    },
    {
      "id": 146,
      "code": "TN",
      "countryCode": "US",
      "description": "Tennessee"
    },
    {
      "id": 90,
      "code": "NH",
      "countryCode": "US",
      "description": "New Hampshire"
    },
    {
      "id": 40,
      "code": "DE",
      "countryCode": "US",
      "description": "Delaware"
    },
    {
      "id": 57,
      "code": "IA",
      "countryCode": "US",
      "description": "Iowa"
    },
    {
      "id": 80,
      "code": "MO",
      "countryCode": "US",
      "description": "Missouri"
    },
    {
      "id": 59,
      "code": "IL",
      "countryCode": "US",
      "description": "Illinois"
    },
    {
      "id": 34,
      "code": "CO",
      "countryCode": "US",
      "description": "Colorado"
    },
    {
      "id": 66,
      "code": "LA",
      "countryCode": "US",
      "description": "Louisiana"
    },
    {
      "id": 5,
      "code": "AL",
      "countryCode": "US",
      "description": "Alabama"
    },
    {
      "id": 103,
      "code": "OK",
      "countryCode": "US",
      "description": "Oklahoma"
    },
    {
      "id": 130,
      "code": "SC",
      "countryCode": "US",
      "description": "South Carolina"
    },
    {
      "id": 94,
      "code": "NM",
      "countryCode": "US",
      "description": "New Mexico"
    },
    {
      "id": 91,
      "code": "NJ",
      "countryCode": "US",
      "description": "New Jersey"
    },
    {
      "id": 115,
      "code": "PR",
      "countryCode": "US",
      "description": "PUERTO RICO"
    },
    {
      "id": 162,
      "code": "WA",
      "countryCode": "US",
      "description": "Washington"
    },
    {
      "id": 74,
      "code": "MD",
      "countryCode": "US",
      "description": "Maryland"
    },
    {
      "id": 81,
      "code": "MS",
      "countryCode": "US",
      "description": "Mississippi"
    },
    {
      "id": 78,
      "code": "MN",
      "countryCode": "US",
      "description": "Minnesota"
    },
    {
      "id": 71,
      "code": "MA",
      "countryCode": "US",
      "description": "Massachusetts"
    },
    {
      "id": 50,
      "code": "GA",
      "countryCode": "US",
      "description": "Georgia"
    },
    {
      "id": 98,
      "code": "NU",
      "countryCode": "CA",
      "description": "NUNAVUT"
    },
    {
      "id": 96,
      "code": "NS",
      "countryCode": "CA",
      "description": "NOVA SCOTIA"
    },
    {
      "id": 1,
      "code": "AB",
      "countryCode": "CA",
      "description": "ALBERTA"
    },
    {
      "id": 104,
      "code": "ON",
      "countryCode": "CA",
      "description": "ONTARIO"
    },
    {
      "id": 166,
      "code": "YT",
      "countryCode": "CA",
      "description": "YUKON"
    },
    {
      "id": 134,
      "code": "SK",
      "countryCode": "CA",
      "description": "SASKATCHEWAN"
    },
    {
      "id": 72,
      "code": "MB",
      "countryCode": "CA",
      "description": "MANITOBA"
    },
    {
      "id": 86,
      "code": "NB",
      "countryCode": "CA",
      "description": "NEW BRUNSWICK"
    },
    {
      "id": 120,
      "code": "QC",
      "countryCode": "CA",
      "description": "QUEBEC"
    },
    {
      "id": 92,
      "code": "NL",
      "countryCode": "CA",
      "description": "NEW FOUNDLAND AND LABRADO"
    },
    {
      "id": 97,
      "code": "NT",
      "countryCode": "CA",
      "description": "NORTHWEST TERRITORIES"
    },
    {
      "id": 109,
      "code": "PE",
      "countryCode": "CA",
      "description": "PRINCE EDWARD ISLAND"
    },
    {
      "id": 14,
      "code": "BC",
      "countryCode": "CA",
      "description": "BRITISH COLOMBIA"
    }
  ]
}
